news,https://news.google.com/search?q=news&hl=en-US&gl=US&ceid=US:en
world,https://news.google.com/search?q=world&hl=en-US&gl=US&ceid=US:en
americas,https://news.google.com/search?q=Americas&hl=en-US&gl=US&ceid=US:en
north_america,https://news.google.com/search?q=North%20America&hl=en-US&gl=US&ceid=US:en
CAN,https://news.google.com/search?q=Canada&hl=en-US&gl=US&ceid=US:en
USA,https://news.google.com/search?q=United%20States%20of%20America&hl=en-US&gl=US&ceid=US:en
MEX,https://news.google.com/search?q=Mexico&hl=en-US&gl=US&ceid=US:en
central_america,https://news.google.com/search?q=Central%20America&hl=en-US&gl=US&ceid=US:en
HND,https://news.google.com/search?q=Honduras&hl=en-US&gl=US&ceid=US:en
GTM,https://news.google.com/search?q=Guatemala&hl=en-US&gl=US&ceid=US:en
BLZ,https://news.google.com/search?q=Belize&hl=en-US&gl=US&ceid=US:en
SLV,https://news.google.com/search?q=El%20Salvador&hl=en-US&gl=US&ceid=US:en
CRI,https://news.google.com/search?q=Costa%20Rica&hl=en-US&gl=US&ceid=US:en
NIC,https://news.google.com/search?q=Nicaragua&hl=en-US&gl=US&ceid=US:en
PAN,https://news.google.com/search?q=Panama&hl=en-US&gl=US&ceid=US:en
caribbean,https://news.google.com/search?q=Caribbean&hl=en-US&gl=US&ceid=US:en
ABW,https://news.google.com/search?q=Aruba&hl=en-US&gl=US&ceid=US:en
BHS,https://news.google.com/search?q=Bahamas&hl=en-US&gl=US&ceid=US:en
BRB,https://news.google.com/search?q=Barbados&hl=en-US&gl=US&ceid=US:en
BMU,https://news.google.com/search?q=Bermuda&hl=en-US&gl=US&ceid=US:en
CUB,https://news.google.com/search?q=Cuba&hl=en-US&gl=US&ceid=US:en
DMA,https://news.google.com/search?q=Dominica&hl=en-US&gl=US&ceid=US:en
DOM,https://news.google.com/search?q=Dominican%20Republic&hl=en-US&gl=US&ceid=US:en
GRD,https://news.google.com/search?q=Grenada&hl=en-US&gl=US&ceid=US:en
HTI,https://news.google.com/search?q=Haiti&hl=en-US&gl=US&ceid=US:en
JAM,https://news.google.com/search?q=Jamaica&hl=en-US&gl=US&ceid=US:en
PRI,https://news.google.com/search?q=Puerto%20Rico&hl=en-US&gl=US&ceid=US:en
LCA,https://news.google.com/search?q=Saint%20Lucia&hl=en-US&gl=US&ceid=US:en
VCT,https://news.google.com/search?q=Saint%20Vincent%20and%20the%20Grenadines&hl=en-US&gl=US&ceid=US:en
KNA,https://news.google.com/search?q=St.%20Kitts%20and%20Nevis&hl=en-US&gl=US&ceid=US:en
TTO,https://news.google.com/search?q=Trinidad%20and%20Tobago&hl=en-US&gl=US&ceid=US:en
ATG,https://news.google.com/search?q=Antigua%20and%20Barbuda&hl=en-US&gl=US&ceid=US:en
VIR,https://news.google.com/search?q=US%20Virgin%20Islands&hl=en-US&gl=US&ceid=US:en
CUW,https://news.google.com/search?q=Curacao&hl=en-US&gl=US&ceid=US:en
south_america,https://news.google.com/search?q=South%20America&hl=en-US&gl=US&ceid=US:en
ARG,https://news.google.com/search?q=Argentina&hl=en-US&gl=US&ceid=US:en
BOL,https://news.google.com/search?q=Bolivia&hl=en-US&gl=US&ceid=US:en
BRA,https://news.google.com/search?q=Brazil&hl=en-US&gl=US&ceid=US:en
CHL,https://news.google.com/search?q=Chile&hl=en-US&gl=US&ceid=US:en
COL,https://news.google.com/search?q=Colombia&hl=en-US&gl=US&ceid=US:en
ECU,https://news.google.com/search?q=Ecuador&hl=en-US&gl=US&ceid=US:en
GUY,https://news.google.com/search?q=Guyana&hl=en-US&gl=US&ceid=US:en
PRY,https://news.google.com/search?q=Paraguay&hl=en-US&gl=US&ceid=US:en
PER,https://news.google.com/search?q=Peru&hl=en-US&gl=US&ceid=US:en
SUR,https://news.google.com/search?q=Suriname&hl=en-US&gl=US&ceid=US:en
URY,https://news.google.com/search?q=Uruguay&hl=en-US&gl=US&ceid=US:en
VEN,https://news.google.com/search?q=Venezuela&hl=en-US&gl=US&ceid=US:en
europe,https://news.google.com/search?q=Europe&hl=en-US&gl=US&ceid=US:en
northern_europe,https://news.google.com/search?q=Northern%20Europe&hl=en-US&gl=US&ceid=US:en
DNK,https://news.google.com/search?q=Denmark&hl=en-US&gl=US&ceid=US:en
GRL,https://news.google.com/search?q=Greenland&hl=en-US&gl=US&ceid=US:en
FRO,https://news.google.com/search?q=Faeroe%20Islands&hl=en-US&gl=US&ceid=US:en
FIN,https://news.google.com/search?q=Finland&hl=en-US&gl=US&ceid=US:en
ISL,https://news.google.com/search?q=Iceland&hl=en-US&gl=US&ceid=US:en
NOR,https://news.google.com/search?q=Norway&hl=en-US&gl=US&ceid=US:en
SWE,https://news.google.com/search?q=Sweden&hl=en-US&gl=US&ceid=US:en
western_europe,https://news.google.com/search?q=Western%20Europe&hl=en-US&gl=US&ceid=US:en
GBR,https://news.google.com/search?q=United%20Kingdom&hl=en-US&gl=US&ceid=US:en
GGY,https://news.google.com/search?q=Guernsey&hl=en-US&gl=US&ceid=US:en
IMN,https://news.google.com/search?q=Isle%20of%20Man&hl=en-US&gl=US&ceid=US:en
JEY,https://news.google.com/search?q=Jersey&hl=en-US&gl=US&ceid=US:en
AND,https://news.google.com/search?q=Andorra&hl=en-US&gl=US&ceid=US:en
AUT,https://news.google.com/search?q=Austria&hl=en-US&gl=US&ceid=US:en
BEL,https://news.google.com/search?q=Belgium&hl=en-US&gl=US&ceid=US:en
FRA,https://news.google.com/search?q=France&hl=en-US&gl=US&ceid=US:en
DEU,https://news.google.com/search?q=Germany&hl=en-US&gl=US&ceid=US:en
IRL,https://news.google.com/search?q=Ireland&hl=en-US&gl=US&ceid=US:en
LIE,https://news.google.com/search?q=Liechtenstein&hl=en-US&gl=US&ceid=US:en
LUX,https://news.google.com/search?q=Luxembourg&hl=en-US&gl=US&ceid=US:en
MCO,https://news.google.com/search?q=Monaco&hl=en-US&gl=US&ceid=US:en
NLD,https://news.google.com/search?q=Netherlands&hl=en-US&gl=US&ceid=US:en
CHE,https://news.google.com/search?q=Switzerland&hl=en-US&gl=US&ceid=US:en
eastern_europe,https://news.google.com/search?q=Eastern%20Europe&hl=en-US&gl=US&ceid=US:en
BLR,https://news.google.com/search?q=Belarus&hl=en-US&gl=US&ceid=US:en
CZE,https://news.google.com/search?q=Czechia&hl=en-US&gl=US&ceid=US:en
EST,https://news.google.com/search?q=Estonia&hl=en-US&gl=US&ceid=US:en
HUN,https://news.google.com/search?q=Hungary&hl=en-US&gl=US&ceid=US:en
LVA,https://news.google.com/search?q=Latvia&hl=en-US&gl=US&ceid=US:en
LTU,https://news.google.com/search?q=Lithuania&hl=en-US&gl=US&ceid=US:en
MDA,https://news.google.com/search?q=Moldova&hl=en-US&gl=US&ceid=US:en
POL,https://news.google.com/search?q=Poland&hl=en-US&gl=US&ceid=US:en
ROU,https://news.google.com/search?q=Romania&hl=en-US&gl=US&ceid=US:en
RUS,https://news.google.com/search?q=Russia&hl=en-US&gl=US&ceid=US:en
UKR,https://news.google.com/search?q=Ukraine&hl=en-US&gl=US&ceid=US:en
balkans,https://news.google.com/search?q=Balkans&hl=en-US&gl=US&ceid=US:en
ALB,https://news.google.com/search?q=Albania&hl=en-US&gl=US&ceid=US:en
BIH,https://news.google.com/search?q=Bosnia%20and%20Herzegovina&hl=en-US&gl=US&ceid=US:en
BGR,https://news.google.com/search?q=Bulgaria&hl=en-US&gl=US&ceid=US:en
HRV,https://news.google.com/search?q=Croatia&hl=en-US&gl=US&ceid=US:en
XKX,https://news.google.com/search?q=Kosovo&hl=en-US&gl=US&ceid=US:en
MKD,https://news.google.com/search?q=Macedonia&hl=en-US&gl=US&ceid=US:en
MNE,https://news.google.com/search?q=Montenegro&hl=en-US&gl=US&ceid=US:en
SRB,https://news.google.com/search?q=Serbia&hl=en-US&gl=US&ceid=US:en
SVK,https://news.google.com/search?q=Slovakia&hl=en-US&gl=US&ceid=US:en
SVN,https://news.google.com/search?q=Slovenia&hl=en-US&gl=US&ceid=US:en
southern_europe,https://news.google.com/search?q=Southern%20Europe&hl=en-US&gl=US&ceid=US:en
GRC,https://news.google.com/search?q=Greece&hl=en-US&gl=US&ceid=US:en
ITA,https://news.google.com/search?q=Italy&hl=en-US&gl=US&ceid=US:en
MLT,https://news.google.com/search?q=Malta&hl=en-US&gl=US&ceid=US:en
CYP,https://news.google.com/search?q=North%20Cyprus&hl=en-US&gl=US&ceid=US:en
PRT,https://news.google.com/search?q=Portugal&hl=en-US&gl=US&ceid=US:en
SMR,https://news.google.com/search?q=San%20Marino&hl=en-US&gl=US&ceid=US:en
ESP,https://news.google.com/search?q=Spain&hl=en-US&gl=US&ceid=US:en
VAT,https://news.google.com/search?q=Vatican&hl=en-US&gl=US&ceid=US:en
asia,https://news.google.com/search?q=Asia&hl=en-US&gl=US&ceid=US:en
middle_east,https://news.google.com/search?q=Middle%20East&hl=en-US&gl=US&ceid=US:en
BHR,https://news.google.com/search?q=Bahrain&hl=en-US&gl=US&ceid=US:en
IRN,https://news.google.com/search?q=Iran&hl=en-US&gl=US&ceid=US:en
IRQ,https://news.google.com/search?q=Iraq&hl=en-US&gl=US&ceid=US:en
ISR,https://news.google.com/search?q=Israel&hl=en-US&gl=US&ceid=US:en
JOR,https://news.google.com/search?q=Jordan&hl=en-US&gl=US&ceid=US:en
KWT,https://news.google.com/search?q=Kuwait&hl=en-US&gl=US&ceid=US:en
LBN,https://news.google.com/search?q=Lebanon&hl=en-US&gl=US&ceid=US:en
PSE,https://news.google.com/search?q=Palestine&hl=en-US&gl=US&ceid=US:en
QAT,https://news.google.com/search?q=Qatar&hl=en-US&gl=US&ceid=US:en
OMN,https://news.google.com/search?q=Oman&hl=en-US&gl=US&ceid=US:en
SAU,https://news.google.com/search?q=Saudi%20Arabia&hl=en-US&gl=US&ceid=US:en
SYR,https://news.google.com/search?q=Syria&hl=en-US&gl=US&ceid=US:en
TUR,https://news.google.com/search?q=Turkey&hl=en-US&gl=US&ceid=US:en
ARE,https://news.google.com/search?q=United%20Arab%20Emirates&hl=en-US&gl=US&ceid=US:en
YEM,https://news.google.com/search?q=Yemen&hl=en-US&gl=US&ceid=US:en
caucasus,https://news.google.com/search?q=Caucasus&hl=en-US&gl=US&ceid=US:en
ARM,https://news.google.com/search?q=Armenia&hl=en-US&gl=US&ceid=US:en
AZE,https://news.google.com/search?q=Azerbaijan&hl=en-US&gl=US&ceid=US:en
GEO,https://news.google.com/search?q=Georgia&hl=en-US&gl=US&ceid=US:en
central_asia,https://news.google.com/search?q=Central%20Asia&hl=en-US&gl=US&ceid=US:en
KAZ,https://news.google.com/search?q=Kazakhstan&hl=en-US&gl=US&ceid=US:en
KGZ,https://news.google.com/search?q=Kyrgyzstan&hl=en-US&gl=US&ceid=US:en
TJK,https://news.google.com/search?q=Tajikistan&hl=en-US&gl=US&ceid=US:en
TKM,https://news.google.com/search?q=Turkmenistan&hl=en-US&gl=US&ceid=US:en
UZB,https://news.google.com/search?q=Uzbekistan&hl=en-US&gl=US&ceid=US:en
east_asia,https://news.google.com/search?q=East%20Asia&hl=en-US&gl=US&ceid=US:en
CHN,https://news.google.com/search?q=China&hl=en-US&gl=US&ceid=US:en
TWN,https://news.google.com/search?q=Taiwan&hl=en-US&gl=US&ceid=US:en
JPN,https://news.google.com/search?q=Japan&hl=en-US&gl=US&ceid=US:en
PRK,https://news.google.com/search?q=North%20Korea&hl=en-US&gl=US&ceid=US:en
KOR,https://news.google.com/search?q=South%20Korea&hl=en-US&gl=US&ceid=US:en
MNG,https://news.google.com/search?q=Mongolia&hl=en-US&gl=US&ceid=US:en
south_asia,https://news.google.com/search?q=South%20Asia&hl=en-US&gl=US&ceid=US:en
AFG,https://news.google.com/search?q=Afghanistan&hl=en-US&gl=US&ceid=US:en
BGD,https://news.google.com/search?q=Bangladesh&hl=en-US&gl=US&ceid=US:en
BTN,https://news.google.com/search?q=Bhutan&hl=en-US&gl=US&ceid=US:en
IND,https://news.google.com/search?q=India&hl=en-US&gl=US&ceid=US:en
sia,https://news.google.com/search?q=Siachen%20Glacier&hl=en-US&gl=US&ceid=US:en
MDV,https://news.google.com/search?q=Maldives&hl=en-US&gl=US&ceid=US:en
MMR,https://news.google.com/search?q=Myanmar&hl=en-US&gl=US&ceid=US:en
NPL,https://news.google.com/search?q=Nepal&hl=en-US&gl=US&ceid=US:en
PAK,https://news.google.com/search?q=Pakistan&hl=en-US&gl=US&ceid=US:en
LKA,https://news.google.com/search?q=Sri%20Lanka&hl=en-US&gl=US&ceid=US:en
southeast_asia,https://news.google.com/search?q=Southeast%20Asia&hl=en-US&gl=US&ceid=US:en
KHM,https://news.google.com/search?q=Cambodia&hl=en-US&gl=US&ceid=US:en
IDN,https://news.google.com/search?q=Indonesia&hl=en-US&gl=US&ceid=US:en
LAO,https://news.google.com/search?q=Laos&hl=en-US&gl=US&ceid=US:en
MYS,https://news.google.com/search?q=Malaysia&hl=en-US&gl=US&ceid=US:en
BRN,https://news.google.com/search?q=Brunei&hl=en-US&gl=US&ceid=US:en
PHL,https://news.google.com/search?q=Philippines&hl=en-US&gl=US&ceid=US:en
SGP,https://news.google.com/search?q=Singapore&hl=en-US&gl=US&ceid=US:en
THA,https://news.google.com/search?q=Thailand&hl=en-US&gl=US&ceid=US:en
TLS,https://news.google.com/search?q=Timor-Leste&hl=en-US&gl=US&ceid=US:en
VNM,https://news.google.com/search?q=Vietnam&hl=en-US&gl=US&ceid=US:en
africa,https://news.google.com/search?q=Africa&hl=en-US&gl=US&ceid=US:en
north_africa,https://news.google.com/search?q=North%20Africa&hl=en-US&gl=US&ceid=US:en
DZA,https://news.google.com/search?q=Algeria&hl=en-US&gl=US&ceid=US:en
EGY,https://news.google.com/search?q=Egypt&hl=en-US&gl=US&ceid=US:en
LBY,https://news.google.com/search?q=Libya&hl=en-US&gl=US&ceid=US:en
MAR,https://news.google.com/search?q=Morocco&hl=en-US&gl=US&ceid=US:en
SSD,https://news.google.com/search?q=South%20Sudan&hl=en-US&gl=US&ceid=US:en
SDN,https://news.google.com/search?q=Sudan&hl=en-US&gl=US&ceid=US:en
TUN,https://news.google.com/search?q=Tunisia&hl=en-US&gl=US&ceid=US:en
west_africa,https://news.google.com/search?q=West%20Africa&hl=en-US&gl=US&ceid=US:en
BEN,https://news.google.com/search?q=Benin&hl=en-US&gl=US&ceid=US:en
BFA,https://news.google.com/search?q=Burkina%20Faso&hl=en-US&gl=US&ceid=US:en
CIV,https://news.google.com/search?q=Cote%20d'Ivoire&hl=en-US&gl=US&ceid=US:en
CPV,https://news.google.com/search?q=Cabo%20Verde&hl=en-US&gl=US&ceid=US:en
GMB,https://news.google.com/search?q=Gambia&hl=en-US&gl=US&ceid=US:en
GHA,https://news.google.com/search?q=Ghana&hl=en-US&gl=US&ceid=US:en
GIN,https://news.google.com/search?q=Guinea&hl=en-US&gl=US&ceid=US:en
GNB,https://news.google.com/search?q=Guinea-Bissau&hl=en-US&gl=US&ceid=US:en
LBR,https://news.google.com/search?q=Liberia&hl=en-US&gl=US&ceid=US:en
MLI,https://news.google.com/search?q=Mali&hl=en-US&gl=US&ceid=US:en
MRT,https://news.google.com/search?q=Mauritania&hl=en-US&gl=US&ceid=US:en
NER,https://news.google.com/search?q=Niger&hl=en-US&gl=US&ceid=US:en
NGA,https://news.google.com/search?q=Nigeria&hl=en-US&gl=US&ceid=US:en
SEN,https://news.google.com/search?q=Senegal&hl=en-US&gl=US&ceid=US:en
SLE,https://news.google.com/search?q=Sierra%20Leone&hl=en-US&gl=US&ceid=US:en
TGO,https://news.google.com/search?q=Togo&hl=en-US&gl=US&ceid=US:en
central_africa,https://news.google.com/search?q=Central%20Africa&hl=en-US&gl=US&ceid=US:en
AGO,https://news.google.com/search?q=Angola&hl=en-US&gl=US&ceid=US:en
CMR,https://news.google.com/search?q=Cameroon&hl=en-US&gl=US&ceid=US:en
CAF,https://news.google.com/search?q=Central%20African%20Republic&hl=en-US&gl=US&ceid=US:en
TCD,https://news.google.com/search?q=Chad&hl=en-US&gl=US&ceid=US:en
COG,https://news.google.com/search?q=Congo&hl=en-US&gl=US&ceid=US:en
COD,https://news.google.com/search?q=Democratic%20Republic%20of%20Congo&hl=en-US&gl=US&ceid=US:en
GNQ,https://news.google.com/search?q=Equatorial%20Guinea&hl=en-US&gl=US&ceid=US:en
GAB,https://news.google.com/search?q=Gabon&hl=en-US&gl=US&ceid=US:en
STP,https://news.google.com/search?q=Sao%20Tome%20and%20Principe&hl=en-US&gl=US&ceid=US:en
east_africa,https://news.google.com/search?q=East%20Africa&hl=en-US&gl=US&ceid=US:en
BDI,https://news.google.com/search?q=Burundi&hl=en-US&gl=US&ceid=US:en
COM,https://news.google.com/search?q=Comoros&hl=en-US&gl=US&ceid=US:en
DJI,https://news.google.com/search?q=Djibouti&hl=en-US&gl=US&ceid=US:en
ERI,https://news.google.com/search?q=Eritrea&hl=en-US&gl=US&ceid=US:en
ETH,https://news.google.com/search?q=Ethiopia&hl=en-US&gl=US&ceid=US:en
KEN,https://news.google.com/search?q=Kenya&hl=en-US&gl=US&ceid=US:en
MUS,https://news.google.com/search?q=Mauritius&hl=en-US&gl=US&ceid=US:en
RWA,https://news.google.com/search?q=Rwanda&hl=en-US&gl=US&ceid=US:en
SYC,https://news.google.com/search?q=Seychelles&hl=en-US&gl=US&ceid=US:en
SOM,https://news.google.com/search?q=Somalia&hl=en-US&gl=US&ceid=US:en
TZA,https://news.google.com/search?q=Tanzania&hl=en-US&gl=US&ceid=US:en
UGA,https://news.google.com/search?q=Uganda&hl=en-US&gl=US&ceid=US:en
southern_africa,https://news.google.com/search?q=Southern%20Africa&hl=en-US&gl=US&ceid=US:en
MDG,https://news.google.com/search?q=Madagascar&hl=en-US&gl=US&ceid=US:en
MWI,https://news.google.com/search?q=Malawi&hl=en-US&gl=US&ceid=US:en
MOZ,https://news.google.com/search?q=Mozambique&hl=en-US&gl=US&ceid=US:en
ZMB,https://news.google.com/search?q=Zambia&hl=en-US&gl=US&ceid=US:en
ZWE,https://news.google.com/search?q=Zimbabwe&hl=en-US&gl=US&ceid=US:en
BWA,https://news.google.com/search?q=Botswana&hl=en-US&gl=US&ceid=US:en
SWZ,https://news.google.com/search?q=Eswatini&hl=en-US&gl=US&ceid=US:en
LSO,https://news.google.com/search?q=Lesotho&hl=en-US&gl=US&ceid=US:en
NAM,https://news.google.com/search?q=Namibia&hl=en-US&gl=US&ceid=US:en
ZAF,https://news.google.com/search?q=South%20Africa&hl=en-US&gl=US&ceid=US:en
oceania,https://news.google.com/search?q=Oceania&hl=en-US&gl=US&ceid=US:en
AUS,https://news.google.com/search?q=Australia&hl=en-US&gl=US&ceid=US:en
NZL,https://news.google.com/search?q=New%20Zealand&hl=en-US&gl=US&ceid=US:en
ANT,https://news.google.com/search?q=Antarctica&hl=en-US&gl=US&ceid=US:en
micronesia,https://news.google.com/search?q=Micronesia&hl=en-US&gl=US&ceid=US:en
FSM,https://news.google.com/search?q=Federated%20States%20of%20Micronesia&hl=en-US&gl=US&ceid=US:en
MHL,https://news.google.com/search?q=Marshall%20Islands&hl=en-US&gl=US&ceid=US:en
GUM,https://news.google.com/search?q=Guam&hl=en-US&gl=US&ceid=US:en
KIR,https://news.google.com/search?q=Kiribati&hl=en-US&gl=US&ceid=US:en
NRU,https://news.google.com/search?q=Nauru&hl=en-US&gl=US&ceid=US:en
PLW,https://news.google.com/search?q=Palau&hl=en-US&gl=US&ceid=US:en
melanesia,https://news.google.com/search?q=Melanesia&hl=en-US&gl=US&ceid=US:en
FJI,https://news.google.com/search?q=Fiji&hl=en-US&gl=US&ceid=US:en
PNG,https://news.google.com/search?q=Papua%20New%20Guinea&hl=en-US&gl=US&ceid=US:en
SLB,https://news.google.com/search?q=Solomon%20Islands&hl=en-US&gl=US&ceid=US:en
NCL,https://news.google.com/search?q=New%20Caledonia&hl=en-US&gl=US&ceid=US:en
VUT,https://news.google.com/search?q=Vanuatu&hl=en-US&gl=US&ceid=US:en
polynesia,https://news.google.com/search?q=Polyesia&hl=en-US&gl=US&ceid=US:en
WSM,https://news.google.com/search?q=Samoa&hl=en-US&gl=US&ceid=US:en
TON,https://news.google.com/search?q=Tonga&hl=en-US&gl=US&ceid=US:en
PYF,https://news.google.com/search?q=French%20Polynesia&hl=en-US&gl=US&ceid=US:en
crime_justice,https://news.google.com/search?q=crime%20&%20justice&hl=en-US&gl=US&ceid=US:en
crime,https://news.google.com/search?q=Crime&hl=en-US&gl=US&ceid=US:en
violent_crime,https://news.google.com/search?q=Crime&hl=en-US&gl=US&ceid=US:en
murders,https://news.google.com/search?q=Murders%20&%20attempts&hl=en-US&gl=US&ceid=US:en
torture,https://news.google.com/search?q=Torture&hl=en-US&gl=US&ceid=US:en
sex_crimes,https://news.google.com/search?q=Sex%20crimes&hl=en-US&gl=US&ceid=US:en
war_crimes,https://news.google.com/search?q=war%20crimes&hl=en-US&gl=US&ceid=US:en
domestic_violence,https://news.google.com/search?q=Domestic%20violence&hl=en-US&gl=US&ceid=US:en
child_abuse_neglect,https://news.google.com/search?q=Child%20abuse%20&%20neglect&hl=en-US&gl=US&ceid=US:en
violence,https://news.google.com/search?q=violence&hl=en-US&gl=US&ceid=US:en
kidnapping,https://news.google.com/search?q=kidnapping&hl=en-US&gl=US&ceid=US:en
terrorism,https://news.google.com/search?q=terrorism&hl=en-US&gl=US&ceid=US:en
hijacking,https://news.google.com/search?q=hijacking&hl=en-US&gl=US&ceid=US:en
bombs,https://news.google.com/search?q=bombs&hl=en-US&gl=US&ceid=US:en
arson,https://news.google.com/search?q=arson&hl=en-US&gl=US&ceid=US:en
vice_crime,https://news.google.com/search?q=vice%20crime&hl=en-US&gl=US&ceid=US:en
prostitution,https://news.google.com/search?q=prostitution&hl=en-US&gl=US&ceid=US:en
child_porn,https://news.google.com/search?q=child%20pornography&hl=en-US&gl=US&ceid=US:en
drugs,https://news.google.com/search?q=drug%20abuse%20and%20traffic&hl=en-US&gl=US&ceid=US:en
cocaine,https://news.google.com/search?q=cocaine%20and%20crack%20cocaine&hl=en-US&gl=US&ceid=US:en
marijuana,https://news.google.com/search?q=marijuana&hl=en-US&gl=US&ceid=US:en
drunk_driving,https://news.google.com/search?q=drunken%20and%20reckless%20driving&hl=en-US&gl=US&ceid=US:en
organized_crime,https://news.google.com/search?q=organized%20crime&hl=en-US&gl=US&ceid=US:en
racketeering,https://news.google.com/search?q=racketeering%20and%20racketeers&hl=en-US&gl=US&ceid=US:en
threats,https://news.google.com/search?q=threats%20and%20threatening%20messages&hl=en-US&gl=US&ceid=US:en
smuggling,https://news.google.com/search?q=smuggling&hl=en-US&gl=US&ceid=US:en
white_collar_crime,https://news.google.com/search?q=white-collar%20crime&hl=en-US&gl=US&ceid=US:en
fraud,https://news.google.com/search?q=frauds%20and%20swindling&hl=en-US&gl=US&ceid=US:en
embezzlement,https://news.google.com/search?q=embezzlement&hl=en-US&gl=US&ceid=US:en
securities_violations,https://news.google.com/search?q=securities%20and%20commodities%20violations&hl=en-US&gl=US&ceid=US:en
cybercrime,https://news.google.com/search?q=cybercrime&hl=en-US&gl=US&ceid=US:en
tax_evasion,https://news.google.com/search?q=tax%20evasion&hl=en-US&gl=US&ceid=US:en
bribery,https://news.google.com/search?q=bribery&hl=en-US&gl=US&ceid=US:en
perjury,https://news.google.com/search?q=perjury&hl=en-US&gl=US&ceid=US:en
robberies_thefts,https://news.google.com/search?q=robberies%20and%20thefts&hl=en-US&gl=US&ceid=US:en
sexual_harrassment,https://news.google.com/search?q=sexual%20harassment&hl=en-US&gl=US&ceid=US:en
legal_system,https://news.google.com/search?q=legal%20system&hl=en-US&gl=US&ceid=US:en
police,https://news.google.com/search?q=police&hl=en-US&gl=US&ceid=US:en
police_brutality,https://news.google.com/search?q=police%20brutality%20and%20misconduct&hl=en-US&gl=US&ceid=US:en
attacks_on_police,https://news.google.com/search?q=attacks%20on%20police&hl=en-US&gl=US&ceid=US:en
illegal_aliens,https://news.google.com/search?q=illegal%20aliens&hl=en-US&gl=US&ceid=US:en
border_wall,https://news.google.com/search?q=border%20wall&hl=en-US&gl=US&ceid=US:en
path_to_citizenship,https://news.google.com/search?q=path%20to%20citizenship&hl=en-US&gl=US&ceid=US:en
deportation,https://news.google.com/search?q=deportation&hl=en-US&gl=US&ceid=US:en
sanctuary_cities,https://news.google.com/search?q=sanctuary%20cities&hl=en-US&gl=US&ceid=US:en
courts,https://news.google.com/search?q=courts&hl=en-US&gl=US&ceid=US:en
lawsuits,https://news.google.com/search?q=suits%20and%20litigation&hl=en-US&gl=US&ceid=US:en
verdicts,https://news.google.com/search?q=decisions%20and%20verdicts&hl=en-US&gl=US&ceid=US:en
prisons,https://news.google.com/search?q=prisons%20and%20prisoners&hl=en-US&gl=US&ceid=US:en
prison_reform,https://news.google.com/search?q=prison%20reform&hl=en-US&gl=US&ceid=US:en
private_prisons,https://news.google.com/search?q=private%20prisons&hl=en-US&gl=US&ceid=US:en
extradition,https://news.google.com/search?q=extradition&hl=en-US&gl=US&ceid=US:en
political_asylum,https://news.google.com/search?q=political%20asylum&hl=en-US&gl=US&ceid=US:en
law_legislation,https://news.google.com/search?q=legislation&hl=en-US&gl=US&ceid=US:en
copyrights,https://news.google.com/search?q=copyrights&hl=en-US&gl=US&ceid=US:en
disclosure,https://news.google.com/search?q=disclosure%20of%20information&hl=en-US&gl=US&ceid=US:en
liability,https://news.google.com/search?q=product%20liability&hl=en-US&gl=US&ceid=US:en
antitrust,https://news.google.com/search?q=antitrust%20actions%20&%20laws&hl=en-US&gl=US&ceid=US:en
civil_liberties,https://news.google.com/search?q=civil%20liberties&hl=en-US&gl=US&ceid=US:en
human_rights,https://news.google.com/search?q=freedom%20and%20human%20rights&hl=en-US&gl=US&ceid=US:en
freedom_of_speech,https://news.google.com/search?q=freedom%20of%20speech%20&%20expression&hl=en-US&gl=US&ceid=US:en
political_prisoners,https://news.google.com/search?q=political%20prisoners&hl=en-US&gl=US&ceid=US:en
whistleblowers,https://news.google.com/search?q=whistleblowers&hl=en-US&gl=US&ceid=US:en
snowden,https://news.google.com/search?q=Snowden%20case&hl=en-US&gl=US&ceid=US:en
manning,https://news.google.com/search?q=Manning%20case&hl=en-US&gl=US&ceid=US:en
hate_speech,https://news.google.com/search?q=hate%20speech&hl=en-US&gl=US&ceid=US:en
safe_spaces,https://news.google.com/search?q=safe%20spaces&hl=en-US&gl=US&ceid=US:en
freedom_of_press,https://news.google.com/search?q=freedom%20of%20press&hl=en-US&gl=US&ceid=US:en
assange,https://news.google.com/search?q=gdpr&hl=en-US&gl=US&ceid=US:en
censorship,https://news.google.com/search?q=censorship&hl=en-US&gl=US&ceid=US:en
privacy,https://news.google.com/search?q=privacy&hl=en-US&gl=US&ceid=US:en
ethics,https://news.google.com/search?q=ethics&hl=en-US&gl=US&ceid=US:en
church_state,https://news.google.com/search?q=church-state%20relations&hl=en-US&gl=US&ceid=US:en
capital_punishment,https://news.google.com/search?q=capital%20punishment&hl=en-US&gl=US&ceid=US:en
gun_control,https://news.google.com/search?q=gun%20control&hl=en-US&gl=US&ceid=US:en
governance,https://news.google.com/search?q=governance&hl=en-US&gl=US&ceid=US:en
constitutions,https://news.google.com/search?q=constitutions&hl=en-US&gl=US&ceid=US:en
electoral_systems,https://news.google.com/search?q=electoral%20systems&hl=en-US&gl=US&ceid=US:en
gerrymandering,https://news.google.com/search?q=gerrymandering&hl=en-US&gl=US&ceid=US:en
term_limits,https://news.google.com/search?q=term%20limits&hl=en-US&gl=US&ceid=US:en
ranked_choice_voting,https://news.google.com/search?q=ranked%20choice%20voting&hl=en-US&gl=US&ceid=US:en
open_primaries,https://news.google.com/search?q=open%20primaries&hl=en-US&gl=US&ceid=US:en
public_election_funding,https://news.google.com/search?q=public%20election%20funding&hl=en-US&gl=US&ceid=US:en
electoral_college,https://news.google.com/search?q=electoral%20college&hl=en-US&gl=US&ceid=US:en
voter_id,https://news.google.com/search?q=voter%20ID%20requirement&hl=en-US&gl=US&ceid=US:en
mandatory_voting,https://news.google.com/search?q=mandatory%20voting&hl=en-US&gl=US&ceid=US:en
online_voting,https://news.google.com/search?q=online%20voting&hl=en-US&gl=US&ceid=US:en
lobbying,https://news.google.com/search?q=lobbying%20and%20lobbyists&hl=en-US&gl=US&ceid=US:en
revolving_door,https://news.google.com/search?q=revolving%20door&hl=en-US&gl=US&ceid=US:en
campaign_finance,https://news.google.com/search?q=campaign%20finance%20reform&hl=en-US&gl=US&ceid=US:en
social_issues,https://news.google.com/search?q=social%20issues&hl=en-US&gl=US&ceid=US:en
minorities,https://news.google.com/search?q=minorities&hl=en-US&gl=US&ceid=US:en
african_americans,https://news.google.com/search?q=African-Americans&hl=en-US&gl=US&ceid=US:en
latinos,https://news.google.com/search?q=Latinos&hl=en-US&gl=US&ceid=US:en
asian_americans,https://news.google.com/search?q=Asian-Americans&hl=en-US&gl=US&ceid=US:en
native_americans,https://news.google.com/search?q=Native%20Americans&hl=en-US&gl=US&ceid=US:en
race,https://news.google.com/search?q=race&hl=en-US&gl=US&ceid=US:en
affirmative_action,https://news.google.com/search?q=affirmative%20action&hl=en-US&gl=US&ceid=US:en
discrimination,https://news.google.com/search?q=discrimination&hl=en-US&gl=US&ceid=US:en
religion,https://news.google.com/search?q=religion&hl=en-US&gl=US&ceid=US:en
christianity,https://news.google.com/search?q=Christianity&hl=en-US&gl=US&ceid=US:en
judaism,https://news.google.com/search?q=Judaism&hl=en-US&gl=US&ceid=US:en
islam,https://news.google.com/search?q=Islam&hl=en-US&gl=US&ceid=US:en
hinduism,https://news.google.com/search?q=Hinduism&hl=en-US&gl=US&ceid=US:en
buddhism,https://news.google.com/search?q=Buddhism&hl=en-US&gl=US&ceid=US:en
other_religions,https://news.google.com/search?q=other%20religions&hl=en-US&gl=US&ceid=US:en
non_religion,https://news.google.com/search?q=non-religion&hl=en-US&gl=US&ceid=US:en
family,https://news.google.com/search?q=family&hl=en-US&gl=US&ceid=US:en
family_life,https://news.google.com/search?q=families%20and%20family%20life&hl=en-US&gl=US&ceid=US:en
childcare,https://news.google.com/search?q=child%20care&hl=en-US&gl=US&ceid=US:en
fostercare,https://news.google.com/search?q=foster%20care&hl=en-US&gl=US&ceid=US:en
babies,https://news.google.com/search?q=babies&hl=en-US&gl=US&ceid=US:en
kids,https://news.google.com/search?q=children%20and%20youth&hl=en-US&gl=US&ceid=US:en
marriage,https://news.google.com/search?q=marriage&hl=en-US&gl=US&ceid=US:en
divorce,"https://news.google.com/search?q=divorce,%20separations%20and%20annulments&hl=en-US&gl=US&ceid=US:en"
men,https://news.google.com/search?q=men&hl=en-US&gl=US&ceid=US:en
women,https://news.google.com/search?q=women&hl=en-US&gl=US&ceid=US:en
seniors,https://news.google.com/search?q=seniors&hl=en-US&gl=US&ceid=US:en
retirement_plans,https://news.google.com/search?q=retirement%20plans&hl=en-US&gl=US&ceid=US:en
sex,https://news.google.com/search?q=sex&hl=en-US&gl=US&ceid=US:en
birth_control,https://news.google.com/search?q=birth%20control&hl=en-US&gl=US&ceid=US:en
abortion,https://news.google.com/search?q=abortion&hl=en-US&gl=US&ceid=US:en
lgbt,https://news.google.com/search?q=LGBT&hl=en-US&gl=US&ceid=US:en
porn,https://news.google.com/search?q=pornography%20and%20obscenity&hl=en-US&gl=US&ceid=US:en
immigration,https://news.google.com/search?q=immigration%20&%20refugees&hl=en-US&gl=US&ceid=US:en
social_conditions,https://news.google.com/search?q=social%20conditions%20and%20trends&hl=en-US&gl=US&ceid=US:en
welfare,https://news.google.com/search?q=welfare&hl=en-US&gl=US&ceid=US:en
labor,https://news.google.com/search?q=labor&hl=en-US&gl=US&ceid=US:en
unemployment,https://news.google.com/search?q=unemployment&hl=en-US&gl=US&ceid=US:en
veterans,https://news.google.com/search?q=veterans&hl=en-US&gl=US&ceid=US:en
disabilities,https://news.google.com/search?q=disabilities&hl=en-US&gl=US&ceid=US:en
housing,https://news.google.com/search?q=housing&hl=en-US&gl=US&ceid=US:en
homeless persons,https://news.google.com/search?q=homelessness&hl=en-US&gl=US&ceid=US:en
drug_abuse,https://news.google.com/search?q=drug%20abuse&hl=en-US&gl=US&ceid=US:en
bullying,https://news.google.com/search?q=bullying&hl=en-US&gl=US&ceid=US:en
cyberbullying,https://news.google.com/search?q=cyberbullying&hl=en-US&gl=US&ceid=US:en
sci_tech,https://news.google.com/search?q=science%20&%20technology&hl=en-US&gl=US&ceid=US:en
computers_internet,https://news.google.com/search?q=computers%20&%20internet&hl=en-US&gl=US&ceid=US:en
hardware,https://news.google.com/search?q=hardware&hl=en-US&gl=US&ceid=US:en
software,https://news.google.com/search?q=software&hl=en-US&gl=US&ceid=US:en
software_products,https://news.google.com/search?q=software%20products&hl=en-US&gl=US&ceid=US:en
computer_games,https://news.google.com/search?q=games&hl=en-US&gl=US&ceid=US:en
cybersecurity,https://news.google.com/search?q=computer%20security&hl=en-US&gl=US&ceid=US:en
telco,https://news.google.com/search?q=communication&hl=en-US&gl=US&ceid=US:en
transportation,https://news.google.com/search?q=transportation&hl=en-US&gl=US&ceid=US:en
air_travel,https://news.google.com/search?q=air%20travel&hl=en-US&gl=US&ceid=US:en
ship_travel,https://news.google.com/search?q=ship%20travel&hl=en-US&gl=US&ceid=US:en
rail_travel,https://news.google.com/search?q=rail%20travel&hl=en-US&gl=US&ceid=US:en
driving,https://news.google.com/search?q=driving&hl=en-US&gl=US&ceid=US:en
commuting,https://news.google.com/search?q=commuting&hl=en-US&gl=US&ceid=US:en
trucking,https://news.google.com/search?q=trucking&hl=en-US&gl=US&ceid=US:en
research,https://news.google.com/search?q=research&hl=en-US&gl=US&ceid=US:en
mathematics,https://news.google.com/search?q=mathematics&hl=en-US&gl=US&ceid=US:en
physics,https://news.google.com/search?q=physics&hl=en-US&gl=US&ceid=US:en
chemistry,https://news.google.com/search?q=chemistry&hl=en-US&gl=US&ceid=US:en
computer_science,https://news.google.com/search?q=computer%20science&hl=en-US&gl=US&ceid=US:en
ai,https://news.google.com/search?q=artificial%20intelligence&hl=en-US&gl=US&ceid=US:en
engineering,https://news.google.com/search?q=engineering&hl=en-US&gl=US&ceid=US:en
biology,https://news.google.com/search?q=biology%20&%20biochemistry&hl=en-US&gl=US&ceid=US:en
physiology,https://news.google.com/search?q=anatomy%20&%20physiology&hl=en-US&gl=US&ceid=US:en
genetics,https://news.google.com/search?q=genetics%20&%20heredity&hl=en-US&gl=US&ceid=US:en
anthropology,https://news.google.com/search?q=archaeology%20&%20%20anthropology&hl=en-US&gl=US&ceid=US:en
space,https://news.google.com/search?q=space&hl=en-US&gl=US&ceid=US:en
inventions,https://news.google.com/search?q=inventions%20&%20patents&hl=en-US&gl=US&ceid=US:en
standards,https://news.google.com/search?q=standards%20&%20standardization&hl=en-US&gl=US&ceid=US:en
education,https://news.google.com/search?q=education&hl=en-US&gl=US&ceid=US:en
schools,https://news.google.com/search?q=schools&hl=en-US&gl=US&ceid=US:en
universities,https://news.google.com/search?q=colleges%20&%20universities&hl=en-US&gl=US&ceid=US:en
testing,https://news.google.com/search?q=testing&hl=en-US&gl=US&ceid=US:en
financial_aid,https://news.google.com/search?q=financial%20aid&hl=en-US&gl=US&ceid=US:en
teachers,https://news.google.com/search?q=teachers%20&%20school%20employees&hl=en-US&gl=US&ceid=US:en
libraries,https://news.google.com/search?q=libraries%20&%20librarians&hl=en-US&gl=US&ceid=US:en
reading_writing,https://news.google.com/search?q=reading%20&%20writing%20skills&hl=en-US&gl=US&ceid=US:en
english,https://news.google.com/search?q=English%20language&hl=en-US&gl=US&ceid=US:en
health,https://news.google.com/search?q=health&hl=en-US&gl=US&ceid=US:en
diseases,https://news.google.com/search?q=diseases%20&%20conditions&hl=en-US&gl=US&ceid=US:en
cancer,https://news.google.com/search?q=cancer&hl=en-US&gl=US&ceid=US:en
cardiovascular,https://news.google.com/search?q=cardiovascular%20disease&hl=en-US&gl=US&ceid=US:en
diabetes,https://news.google.com/search?q=diabetes&hl=en-US&gl=US&ceid=US:en
womens_health,https://news.google.com/search?q=women's%20health&hl=en-US&gl=US&ceid=US:en
mens_health,https://news.google.com/search?q=men's%20health&hl=en-US&gl=US&ceid=US:en
neurological_disorders,https://news.google.com/search?q=neurological%20disorders&hl=en-US&gl=US&ceid=US:en
mental_health,https://news.google.com/search?q=mental%20health&hl=en-US&gl=US&ceid=US:en
infectious_disease,https://news.google.com/search?q=infectious%20diseases&hl=en-US&gl=US&ceid=US:en
covid,https://news.google.com/search?q=COVID-19&hl=en-US&gl=US&ceid=US:en
malaria,https://news.google.com/search?q=malaria&hl=en-US&gl=US&ceid=US:en
hepatitis,https://news.google.com/search?q=hepatitis&hl=en-US&gl=US&ceid=US:en
dengue,https://news.google.com/search?q=dengue&hl=en-US&gl=US&ceid=US:en
influenza,https://news.google.com/search?q=influenza&hl=en-US&gl=US&ceid=US:en
hiv,https://news.google.com/search?q=HIV&hl=en-US&gl=US&ceid=US:en
ebola,https://news.google.com/search?q=ebola&hl=en-US&gl=US&ceid=US:en
zika,https://news.google.com/search?q=zika&hl=en-US&gl=US&ceid=US:en
unhealth,https://news.google.com/search?q=sources%20of%20unhealth&hl=en-US&gl=US&ceid=US:en
obesity,https://news.google.com/search?q=obesity&hl=en-US&gl=US&ceid=US:en
accidents,https://news.google.com/search?q=accidents&hl=en-US&gl=US&ceid=US:en
pollution,https://news.google.com/search?q=pollution&hl=en-US&gl=US&ceid=US:en
smoking,https://news.google.com/search?q=smoking&hl=en-US&gl=US&ceid=US:en
vaping,https://news.google.com/search?q=vaping&hl=en-US&gl=US&ceid=US:en
alcoholism,https://news.google.com/search?q=alcoholism&hl=en-US&gl=US&ceid=US:en
addiction,https://news.google.com/search?q=drug%20addiction&hl=en-US&gl=US&ceid=US:en
radiation,https://news.google.com/search?q=radiation&hl=en-US&gl=US&ceid=US:en
recalls,https://news.google.com/search?q=product%20recalls%20&%20bans&hl=en-US&gl=US&ceid=US:en
steroids,https://news.google.com/search?q=steroids&hl=en-US&gl=US&ceid=US:en
noise,https://news.google.com/search?q=noise&hl=en-US&gl=US&ceid=US:en
healthy_eating,https://news.google.com/search?q=healthy%20eating&hl=en-US&gl=US&ceid=US:en
medicine,https://news.google.com/search?q=medicine%20&%20healthcare&hl=en-US&gl=US&ceid=US:en
healthcare,https://news.google.com/search?q=healthcare&hl=en-US&gl=US&ceid=US:en
pharmaceuticals,https://news.google.com/search?q=pharmaceuticals&hl=en-US&gl=US&ceid=US:en
vaccination,https://news.google.com/search?q=vaccination&hl=en-US&gl=US&ceid=US:en
surgery,https://news.google.com/search?q=surgery%20and%20surgeons&hl=en-US&gl=US&ceid=US:en
safety,https://news.google.com/search?q=safety&hl=en-US&gl=US&ceid=US:en
fires,https://news.google.com/search?q=fires%20and%20firefighters&hl=en-US&gl=US&ceid=US:en
rescues,https://news.google.com/search?q=rescues&hl=en-US&gl=US&ceid=US:en
health_insurance,https://news.google.com/search?q=health%20insurance&hl=en-US&gl=US&ceid=US:en
managed_care,https://news.google.com/search?q=health%20insurance%20&%20managed%20care&hl=en-US&gl=US&ceid=US:en
medicaid,https://news.google.com/search?q=medicaid&hl=en-US&gl=US&ceid=US:en
medicare,https://news.google.com/search?q=medicare&hl=en-US&gl=US&ceid=US:en
media,https://news.google.com/search?q=media&hl=en-US&gl=US&ceid=US:en
entertainment,https://news.google.com/search?q=entertainment&hl=en-US&gl=US&ceid=US:en
eating_drinking,https://news.google.com/search?q=eating%20&%20drinking&hl=en-US&gl=US&ceid=US:en
bakeries,https://news.google.com/search?q=bakeries%20and%20baked%20products&hl=en-US&gl=US&ceid=US:en
restaurants,https://news.google.com/search?q=restaurants&hl=en-US&gl=US&ceid=US:en
bars,https://news.google.com/search?q=bars&hl=en-US&gl=US&ceid=US:en
wines,https://news.google.com/search?q=wines&hl=en-US&gl=US&ceid=US:en
beer,https://news.google.com/search?q=beer&hl=en-US&gl=US&ceid=US:en
shopping,https://news.google.com/search?q=shopping&hl=en-US&gl=US&ceid=US:en
shows,https://news.google.com/search?q=shows%20etc&hl=en-US&gl=US&ceid=US:en
lifestyle,https://news.google.com/search?q=lifestyle&hl=en-US&gl=US&ceid=US:en
sports,https://news.google.com/search?q=sports&hl=en-US&gl=US&ceid=US:en
weather,https://news.google.com/search?q=weather&hl=en-US&gl=US&ceid=US:en
snow,https://news.google.com/search?q=snow%20and%20snowstorms&hl=en-US&gl=US&ceid=US:en
rain,https://news.google.com/search?q=rain&hl=en-US&gl=US&ceid=US:en
hurricanes,https://news.google.com/search?q=hurricanes%20and%20tropical%20storms&hl=en-US&gl=US&ceid=US:en
money,https://news.google.com/search?q=money&hl=en-US&gl=US&ceid=US:en
finance,https://news.google.com/search?q=finance&hl=en-US&gl=US&ceid=US:en
taxation,https://news.google.com/search?q=taxation&hl=en-US&gl=US&ceid=US:en
industries,https://news.google.com/search?q=industries&hl=en-US&gl=US&ceid=US:en
retail,https://news.google.com/search?q=retail&hl=en-US&gl=US&ceid=US:en
hotels and motels,https://news.google.com/search?q=hotels&hl=en-US&gl=US&ceid=US:en
manufacturing,https://news.google.com/search?q=manufacturing&hl=en-US&gl=US&ceid=US:en
mining,https://news.google.com/search?q=mining&hl=en-US&gl=US&ceid=US:en
construction,https://news.google.com/search?q=construction%20&%20home%20repairs&hl=en-US&gl=US&ceid=US:en
real_estate,https://news.google.com/search?q=real%20estate&hl=en-US&gl=US&ceid=US:en
insurance,https://news.google.com/search?q=insurance&hl=en-US&gl=US&ceid=US:en
marketing_sales,https://news.google.com/search?q=marketing%20&%20sales&hl=en-US&gl=US&ceid=US:en
economic_trends,https://news.google.com/search?q=economic%20conditions%20&%20trends&hl=en-US&gl=US&ceid=US:en
income,https://news.google.com/search?q=income&hl=en-US&gl=US&ceid=US:en
strikes,https://news.google.com/search?q=strikes&hl=en-US&gl=US&ceid=US:en
prices,https://news.google.com/search?q=prices&hl=en-US&gl=US&ceid=US:en
environment_energy,https://news.google.com/search?q=environment/energy&hl=en-US&gl=US&ceid=US:en
energy,https://news.google.com/search?q=energy&hl=en-US&gl=US&ceid=US:en
electricity,https://news.google.com/search?q=electricity&hl=en-US&gl=US&ceid=US:en
fossil_fuel,https://news.google.com/search?q=fossil%20fuel&hl=en-US&gl=US&ceid=US:en
oil,https://news.google.com/search?q=oil%20&%20gasoline&hl=en-US&gl=US&ceid=US:en
gas,https://news.google.com/search?q=natural%20gas&hl=en-US&gl=US&ceid=US:en
coal,https://news.google.com/search?q=coal&hl=en-US&gl=US&ceid=US:en
nuclear_power,https://news.google.com/search?q=nuclear%20power&hl=en-US&gl=US&ceid=US:en
renewables,https://news.google.com/search?q=renewable%20energy&hl=en-US&gl=US&ceid=US:en
solar_power,https://news.google.com/search?q=solar%20power&hl=en-US&gl=US&ceid=US:en
wind_power,https://news.google.com/search?q=wind%20power&hl=en-US&gl=US&ceid=US:en
agriculture,https://news.google.com/search?q=agriculture&hl=en-US&gl=US&ceid=US:en
environment,https://news.google.com/search?q=environment&hl=en-US&gl=US&ceid=US:en
climate_change,https://news.google.com/search?q=climate%20change&hl=en-US&gl=US&ceid=US:en
endangered_species,https://news.google.com/search?q=endangered%20species&hl=en-US&gl=US&ceid=US:en
recycling,https://news.google.com/search?q=waste%20&%20recycling&hl=en-US&gl=US&ceid=US:en
marine_life,https://news.google.com/search?q=marine%20life&hl=en-US&gl=US&ceid=US:en
birds,https://news.google.com/search?q=birds&hl=en-US&gl=US&ceid=US:en
forests,https://news.google.com/search?q=forests&hl=en-US&gl=US&ceid=US:en
plants,https://news.google.com/search?q=plants&hl=en-US&gl=US&ceid=US:en
floods,https://news.google.com/search?q=floods&hl=en-US&gl=US&ceid=US:en
earthquakes,https://news.google.com/search?q=earthquakes&hl=en-US&gl=US&ceid=US:en
drought,https://news.google.com/search?q=drought&hl=en-US&gl=US&ceid=US:en
parks,https://news.google.com/search?q=parks&hl=en-US&gl=US&ceid=US:en
military,https://news.google.com/search?q=military&hl=en-US&gl=US&ceid=US:en
weapons,https://news.google.com/search?q=weapons&hl=en-US&gl=US&ceid=US:en
nuclear_weapons,https://news.google.com/search?q=nuclear%20weapons&hl=en-US&gl=US&ceid=US:en
bio_chem_weapons,https://news.google.com/search?q=biological%20&%20chemical%20weapons&hl=en-US&gl=US&ceid=US:en
autonomous_weapons,https://news.google.com/search?q=autonomous%20weapons&hl=en-US&gl=US&ceid=US:en
missiles,https://news.google.com/search?q=missiles&hl=en-US&gl=US&ceid=US:en
warships,https://news.google.com/search?q=warships&hl=en-US&gl=US&ceid=US:en
military_aircraft,https://news.google.com/search?q=military%20aircraft&hl=en-US&gl=US&ceid=US:en
bases_personnel,https://news.google.com/search?q=military%20bases%20&%20personnel&hl=en-US&gl=US&ceid=US:en
arms_exports,https://news.google.com/search?q=arms%20exports&hl=en-US&gl=US&ceid=US:en
disarmament,https://news.google.com/search?q=arms%20control%20&%20disarmament&hl=en-US&gl=US&ceid=US:en
armed_conflict,https://news.google.com/search?q=armed%20conflict&hl=en-US&gl=US&ceid=US:en
yemen_war,https://news.google.com/search?q=Yemen%20war&hl=en-US&gl=US&ceid=US:en
syria_war,https://news.google.com/search?q=Syria%20war&hl=en-US&gl=US&ceid=US:en
libya_war,https://news.google.com/search?q=Libya%20war&hl=en-US&gl=US&ceid=US:en
afghanistan_war,https://news.google.com/search?q=Afghanistan%20war&hl=en-US&gl=US&ceid=US:en
iraq_wars,https://news.google.com/search?q=Iraq%20wars&hl=en-US&gl=US&ceid=US:en
vietnam_war,https://news.google.com/search?q=Vietnam%20war&hl=en-US&gl=US&ceid=US:en
ww2,https://news.google.com/search?q=World%20War%20II%20(1939-45)&hl=en-US&gl=US&ceid=US:en
civil_war,https://news.google.com/search?q=civil%20war%20&%20guerrilla%20warfare&hl=en-US&gl=US&ceid=US:en
pows,https://news.google.com/search?q=prisoners%20of%20war&hl=en-US&gl=US&ceid=US:en
other_conflict,https://news.google.com/search?q=other%20conflict&hl=en-US&gl=US&ceid=US:en
cold_war,https://news.google.com/search?q=Cold%20war&hl=en-US&gl=US&ceid=US:en
psychological_warfare,https://news.google.com/search?q=Psychological%20warfare%20&hl=en-US&gl=US&ceid=US:en
cyberwarfare,https://news.google.com/search?q=Cyberwarfare&hl=en-US&gl=US&ceid=US:en
espionage,https://news.google.com/search?q=Espionage&hl=en-US&gl=US&ceid=US:en
military_coups,https://news.google.com/search?q=Military%20coups&hl=en-US&gl=US&ceid=US:en
military_spending,https://news.google.com/search?q=military%20spending&hl=en-US&gl=US&ceid=US:en
politics,https://news.google.com/search?q=politics&hl=en-US&gl=US&ceid=US:en
culture,https://news.google.com/search?q=culture&hl=en-US&gl=US&ceid=US:en
