Thailand,https://www.google.com/search?tbm=nws&q=thailand,16997216.429784,16997212.336964
Myanmar,https://www.google.com/search?tbm=nws&q=myanmar,16997219.109469,16997212.336964
Laos,https://www.google.com/search?tbm=nws&q=laos,16997221.506407,16997212.336964
Cambodia,https://www.google.com/search?tbm=nws&q=cambodia,16997223.423652,16997212.336964
Vietnam,https://www.google.com/search?tbm=nws&q=vietnam,16997225.542749,16997212.336964
Malaysia,https://www.google.com/search?tbm=nws&q=malaysia,16997227.771709,16997212.336964
Singapore,https://www.google.com/search?tbm=nws&q=singapore,16997229.949365,16997212.336964
Indonesia,https://www.google.com/search?tbm=nws&q=indonesia,16997232.148261,16997212.336964
Brunei,https://www.google.com/search?tbm=nws&q=brunei,16997234.440372,16997212.336964
Philippines,https://www.google.com/search?tbm=nws&q=philippines,16996916.336964,16997212.336964
Timor-Leste,https://www.google.com/search?tbm=nws&q=timor-leste,16996916.336964,16997212.336964
Thailand2,https://news.google.com/topics/CAAqIQgKIhtDQkFTRGdvSUwyMHZNRGRtTVhnU0FtVnVLQUFQAQ?hl=en-US&gl=US&ceid=US%3Aen,16996916.336964,16997212.336964
Myanmar2,https://news.google.com/topics/CAAqIQgKIhtDQkFTRGdvSUwyMHZNRFI0Ymw4U0FtVnVLQUFQAQ?hl=en-US&gl=US&ceid=US%3Aen,16996916.336964,16997212.336964
Laos2,https://news.google.com/topics/CAAqIQgKIhtDQkFTRGdvSUwyMHZNRFJvYUhZU0FtVnVLQUFQAQ?hl=en-US&gl=US&ceid=US%3Aen,16996916.336964,16997212.336964
Cambodia2,https://news.google.com/topics/CAAqIggKIhxDQkFTRHdvSkwyMHZNREY0WW1kNEVnSmxiaWdBUAE?hl=en-US&gl=US&ceid=US%3Aen,16996916.336964,16997212.336964
Vietnam2,https://news.google.com/topics/CAAqIggKIhxDQkFTRHdvSkwyMHZNREZqY21RMUVnSmxiaWdBUAE?hl=en-US&gl=US&ceid=US%3Aen,16996916.336964,16997212.336964
Malaysia2,https://news.google.com/topics/CAAqIggKIhxDQkFTRHdvSkwyMHZNRGx3Yld0MkVnSmxiaWdBUAE?hl=en-US&gl=US&ceid=US%3Aen,16996916.336964,16997212.336964
Singapore2,https://news.google.com/topics/CAAqIQgKIhtDQkFTRGdvSUwyMHZNRFowTW5RU0FtVnVLQUFQAQ?hl=en-US&gl=US&ceid=US%3Aen,16996916.336964,16997212.336964
Indonesia2,https://news.google.com/topics/CAAqIQgKIhtDQkFTRGdvSUwyMHZNRE55ZVc0U0FtVnVLQUFQAQ?hl=en-US&gl=US&ceid=US%3Aen,16996916.336964,16997212.336964
Brunei2,https://news.google.com/topics/CAAqIQgKIhtDQkFTRGdvSUwyMHZNREUyTjNZU0FtVnVLQUFQAQ?hl=en-US&gl=US&ceid=US%3Aen,16996916.336964,16997212.336964
Philippines2,https://news.google.com/topics/CAAqIQgKIhtDQkFTRGdvSUwyMHZNRFYyT0dNU0FtVnVLQUFQAQ?hl=en-US&gl=US&ceid=US%3Aen,16996916.336964,16997212.336964
Timor-Leste2,https://news.google.com/topics/CAAqIQgKIhtDQkFTRGdvSUwyMHZNREpzZURBU0FtVnVLQUFQAQ?hl=en-US&gl=US&ceid=US%3Aen,16996916.336964,16997212.336964
